Time (hours),OD
0,5.882026
1,5.489369
2,5.933779
3,5.475044
4,4.948391
5,5.072022
6,5.380519
7,5.221932
8,5.74704
9,5.156534
10,3.723505
11,5.432218
12,6.134877
13,5.022879
14,5.76639
15,5.077474
16,4.556107
17,4.826044
18,5.615145
19,4.806337
20,4.475724
21,4.146865
22,4.745174
23,4.373602
24,4.193051
25,4.552267
26,4.744597
27,4.985909
28,5.033259
29,4.682839
30,4.66377